<?xml version="1.0" encoding="utf-8"?>
<odoo>
    <data noupdate="1">
        <record id="ir_test_student_attendance" model="ir.cron">
          <field name="name">Test Student Attendance</field>
            <field name="model_id" ref="model_add_student"></field>
          <field name="interval_number">1</field>
          <field name="interval_type">minutes</field>
          <field name="numbercall">-1</field>
          <field name="doall" eval="False"/>
          <field name="code">model.test_attendance_student()</field>
          <field name="state">code</field>
        </record>
    </data>
</odoo>